{"cameraMode":{"drawMode":0,"name":"Shaded","section":"Shading Mode"},"sceneLighting":false,"audioPlay":false,"sceneViewState":{"showFog":true,"showMaterialUpdate":true,"showSkybox":false,"showFlares":true,"showImageEffects":true,"showParticleSystems":true},"in2DMode":false,"pivot":{"x":-0.016977250576019288,"y":0.028850525617599489,"z":0.004005461931228638},"rotation":{"x":-0.17050214111804963,"y":-0.6282370686531067,"z":0.14396454393863679,"w":-0.745613157749176},"size":2.2017476558685304,"orthographic":false}