{"cameraMode":{"drawMode":0,"name":"Shaded","section":"Shading Mode"},"sceneLighting":false,"audioPlay":false,"sceneViewState":{"showFog":false,"showMaterialUpdate":true,"showSkybox":false,"showFlares":true,"showImageEffects":true,"showParticleSystems":true},"in2DMode":false,"pivot":{"x":-0.7786704897880554,"y":1.2125788927078248,"z":0.32385575771331789},"rotation":{"x":0.23154474794864655,"y":0.2252310961484909,"z":-0.055228546261787418,"w":0.9449344277381897},"size":89.42459106445313,"orthographic":false}