{"cameraMode":{"drawMode":0,"name":"Shaded","section":"Shading Mode"},"sceneLighting":false,"audioPlay":false,"sceneViewState":{"showFog":false,"showMaterialUpdate":true,"showSkybox":false,"showFlares":true,"showImageEffects":true,"showParticleSystems":true},"in2DMode":false,"pivot":{"x":-269.3056640625,"y":61.609127044677737,"z":322.5682373046875},"rotation":{"x":0.4235939085483551,"y":0.09174551069736481,"z":-0.0443287119269371,"w":0.9004564881324768},"size":544.755126953125,"orthographic":false}