{"cameraMode":{"drawMode":0,"name":"Shaded","section":"Shading Mode"},"sceneLighting":false,"audioPlay":false,"sceneViewState":{"showFog":true,"showMaterialUpdate":true,"showSkybox":false,"showFlares":true,"showImageEffects":true,"showParticleSystems":true},"in2DMode":false,"pivot":{"x":232.55999755859376,"y":342.9800109863281,"z":-300.1199951171875},"rotation":{"x":0.0869322344660759,"y":-0.7291712164878845,"z":0.09403230994939804,"w":0.6723904609680176},"size":22.0,"orthographic":false}