{"cameraMode":{"drawMode":0,"name":"Shaded","section":"Shading Mode"},"sceneLighting":false,"audioPlay":false,"sceneViewState":{"showFog":true,"showMaterialUpdate":true,"showSkybox":false,"showFlares":true,"showImageEffects":true,"showParticleSystems":true},"in2DMode":false,"pivot":{"x":252.79000854492188,"y":54.41176986694336,"z":239.3719940185547},"rotation":{"x":-0.2509603500366211,"y":-0.35108235478401186,"z":0.09872976690530777,"w":-0.8969223499298096},"size":5.02668571472168,"orthographic":false}