{"cameraMode":{"drawMode":0,"name":"Shaded","section":"Shading Mode"},"sceneLighting":false,"audioPlay":false,"sceneViewState":{"showFog":false,"showMaterialUpdate":true,"showSkybox":false,"showFlares":true,"showImageEffects":true,"showParticleSystems":true},"in2DMode":false,"pivot":{"x":0.0863790512084961,"y":2.2468414306640627,"z":-1.3820910453796387},"rotation":{"x":0.14715854823589326,"y":0.7264174818992615,"z":-0.164232537150383,"w":0.6511392593383789},"size":27.693504333496095,"orthographic":false}