{"cameraMode":{"drawMode":0,"name":"Shaded","section":"Shading Mode"},"sceneLighting":false,"audioPlay":false,"sceneViewState":{"showFog":false,"showMaterialUpdate":false,"showSkybox":false,"showFlares":false,"showImageEffects":false,"showParticleSystems":false},"in2DMode":false,"pivot":{"x":246.40426635742188,"y":51.41260528564453,"z":243.25433349609376},"rotation":{"x":0.1392277330160141,"y":0.10361659526824951,"z":-0.014785218052566052,"w":0.9849515557289124},"size":5.916351795196533,"orthographic":false}